Make,Model,Vehicle Class,Engine Size(L),Cylinders,Transmission,Fuel Type,Fuel Consumption City (L/100 km)
ACURA,ILX,COMPACT,2,4,AS5,Z,9.9
ACURA,ILX,COMPACT,2.4,4,M6,Z,11.2
ACURA,ILX HYBRID,COMPACT,1.5,4,AV7,Z,6
ACURA,MDX 4WD,SUV - SMALL,3.5,6,AS6,Z,12.7
ACURA,RDX AWD,SUV - SMALL,3.5,6,AS6,Z,12.1
ACURA,RLX,MID-SIZE,3.5,6,AS6,Z,11.9
ACURA,TL,MID-SIZE,3.5,6,AS6,Z,11.8
ACURA,TL AWD,MID-SIZE,3.7,6,AS6,Z,12.8
ACURA,TL AWD,MID-SIZE,3.7,6,M6,Z,13.4
ACURA,TSX,COMPACT,2.4,4,AS5,Z,10.6
ACURA,TSX,COMPACT,2.4,4,M6,Z,11.2
ACURA,TSX,COMPACT,3.5,6,AS5,Z,12.1
ALFA ROMEO,4C,TWO-SEATER,1.8,4,AM6,Z,9.7
ASTON MARTIN,DB9,MINICOMPACT,5.9,12,A6,Z,18
ASTON MARTIN,RAPIDE,SUBCOMPACT,5.9,12,A6,Z,18
ASTON MARTIN,V8 VANTAGE,TWO-SEATER,4.7,8,AM7,Z,17.4
ASTON MARTIN,V8 VANTAGE,TWO-SEATER,4.7,8,M6,Z,18.1
ASTON MARTIN,V8 VANTAGE S,TWO-SEATER,4.7,8,AM7,Z,17.4
ASTON MARTIN,V8 VANTAGE S,TWO-SEATER,4.7,8,M6,Z,18.1
ASTON MARTIN,VANQUISH,MINICOMPACT,5.9,12,A6,Z,18
AUDI,A4,COMPACT,2,4,AV8,Z,9.9
AUDI,A4 QUATTRO,COMPACT,2,4,AS8,Z,11.5
AUDI,A4 QUATTRO,COMPACT,2,4,M6,Z,10.8
AUDI,A5 CABRIOLET QUATTRO,SUBCOMPACT,2,4,AS8,Z,11.5
AUDI,A5 QUATTRO,SUBCOMPACT,2,4,AS8,Z,11.5
AUDI,A5 QUATTRO,SUBCOMPACT,2,4,M6,Z,10.8
AUDI,A6 QUATTRO,MID-SIZE,2,4,AS8,Z,12
AUDI,A6 QUATTRO,MID-SIZE,3,6,AS8,Z,12.8
AUDI,A6 QUATTRO TDI (modified),MID-SIZE,3,6,AS8,D,9.8
AUDI,A7 QUATTRO,MID-SIZE,3,6,AS8,Z,13.3
AUDI,A7 QUATTRO TDI (modified),MID-SIZE,3,6,AS8,D,9.8
AUDI,A8,MID-SIZE,3,6,AS8,Z,13.1
AUDI,A8,MID-SIZE,4,8,AS8,Z,13.7
AUDI,A8 TDI (modified),MID-SIZE,3,6,AS8,D,9.8
AUDI,A8L,FULL-SIZE,3,6,AS8,Z,13.1
AUDI,A8L,FULL-SIZE,4,8,AS8,Z,14.7
AUDI,A8L,FULL-SIZE,6.3,12,AS8,Z,18.7
AUDI,A8L TDI (modified),FULL-SIZE,3,6,AS8,D,9.8
AUDI,ALLROAD QUATTRO,STATION WAGON - SMALL,2,4,AS8,Z,11.8
AUDI,Q5,SUV - SMALL,2,4,AS8,Z,12
AUDI,Q5,SUV - SMALL,3,6,AS8,Z,12.9
AUDI,Q5 TDI (modified),SUV - SMALL,3,6,AS8,D,10.2
AUDI,Q5 HYBRID,SUV - SMALL,2,4,AS8,Z,9.9
AUDI,Q7,SUV - STANDARD,3,6,AS8,Z,15.1
AUDI,Q7 TDI (modified),SUV - STANDARD,3,6,AS8,D,12.4
AUDI,R8,TWO-SEATER,4.2,8,A7,Z,17.6
AUDI,R8,TWO-SEATER,4.2,8,M6,Z,21.2
AUDI,R8,TWO-SEATER,5.2,10,A7,Z,18.2
AUDI,R8,TWO-SEATER,5.2,10,M6,Z,21.1
AUDI,R8 SPYDER,TWO-SEATER,4.2,8,A7,Z,17.6
AUDI,R8 SPYDER,TWO-SEATER,4.2,8,M6,Z,21.2
AUDI,R8 SPYDER,TWO-SEATER,5.2,10,A7,Z,18.2
AUDI,R8 SPYDER,TWO-SEATER,5.2,10,M6,Z,21.1
AUDI,RS 5,SUBCOMPACT,4.2,8,A7,Z,15.3
AUDI,RS 5 CABRIOLET,SUBCOMPACT,4.2,8,A7,Z,15.2
AUDI,RS 7,MID-SIZE,4,8,AS8,Z,15.5
AUDI,S4,COMPACT,3,6,A7,Z,13.2
AUDI,S4,COMPACT,3,6,M6,Z,14.6
AUDI,S5,SUBCOMPACT,3,6,A7,Z,13.2
AUDI,S5,SUBCOMPACT,3,6,M6,Z,14.6
AUDI,S5 CABRIOLET,SUBCOMPACT,3,6,A7,Z,13.3
AUDI,S6,MID-SIZE,4,8,A7,Z,14.2
AUDI,S7,MID-SIZE,4,8,A7,Z,14.2
AUDI,S8,MID-SIZE,4,8,AS8,Z,15.8
AUDI,SQ5,SUV - SMALL,3,6,AS8,Z,14.9
AUDI,TT COUPE QUATTRO,SUBCOMPACT,2,4,A6,Z,10.4
AUDI,TT ROADSTER QUATTRO,TWO-SEATER,2,4,A6,Z,10.4
AUDI,TTS COUPE QUATTRO,SUBCOMPACT,2,4,A6,Z,11.5
AUDI,TTS ROADSTER QUATTRO,TWO-SEATER,2,4,A6,Z,11.5
BENTLEY,CONTINENTAL GT,SUBCOMPACT,4,8,AS8,Z,16.3
BENTLEY,CONTINENTAL GT,SUBCOMPACT,6,12,AS8,Z,18.8
BENTLEY,CONTINENTAL GTC,SUBCOMPACT,4,8,AS8,Z,17.4
BENTLEY,CONTINENTAL GTC,SUBCOMPACT,6,12,AS8,Z,20
BENTLEY,CONTINENTAL GT SPEED CONVERTIBLE,SUBCOMPACT,6,12,AS8,Z,20
BENTLEY,FLYING SPUR,MID-SIZE,6,12,AS8,Z,20.3
BENTLEY,MULSANNE,MID-SIZE,6.8,8,AS8,Z,22.3
BMW,320i,COMPACT,2,4,A8,Z,10
BMW,320i,COMPACT,2,4,M6,Z,10.4
BMW,320i xDRIVE,COMPACT,2,4,A8,Z,10.2
BMW,328d xDRIVE,COMPACT,2,4,A8,D,7.6
BMW,328d xDRIVE TOURING,STATION WAGON - SMALL,2,4,A8,D,7.6
BMW,328i,COMPACT,2,4,A8,Z,10
BMW,328i,COMPACT,2,4,M6,Z,10.4
BMW,328i xDRIVE,COMPACT,2,4,A8,Z,10.6
BMW,328i xDRIVE GRAN TURISMO,FULL-SIZE,2,4,A8,Z,10.6
BMW,328i xDRIVE TOURING,STATION WAGON - SMALL,2,4,A8,Z,10.6
BMW,335i,COMPACT,3,6,A8,Z,11.4
BMW,335i,COMPACT,3,6,M6,Z,11.8
BMW,335i xDRIVE,COMPACT,3,6,A8,Z,11.7
BMW,335i xDRIVE,COMPACT,3,6,M6,Z,11.9
BMW,335i xDRIVE GRAN TURISMO,FULL-SIZE,3,6,A8,Z,11.9
BMW,428i COUPE,COMPACT,2,4,A8,Z,10
BMW,428i COUPE,COMPACT,2,4,M6,Z,10.4
BMW,428i xDRIVE COUPE,COMPACT,2,4,A8,Z,10.6
BMW,435i COUPE,COMPACT,3,6,A8,Z,11.4
BMW,435i COUPE,COMPACT,3,6,M6,Z,11.8
BMW,435i xDRIVE COUPE,COMPACT,3,6,A8,Z,11.7
BMW,435i xDRIVE COUPE,COMPACT,3,6,M6,Z,11.9
BMW,528i,MID-SIZE,2,4,A8,Z,10.2
BMW,528i xDRIVE,MID-SIZE,2,4,A8,Z,10.6
BMW,535d xDRIVE,MID-SIZE,3,6,A8,D,9.2
BMW,535i xDRIVE,MID-SIZE,3,6,A8,Z,11.9
BMW,535i xDRIVE GRAN TURISMO,FULL-SIZE,3,6,A8,Z,12.5
BMW,550i xDRIVE,MID-SIZE,4.4,8,A8,Z,14.4
BMW,550i xDRIVE GRAN TURISMO,FULL-SIZE,4.4,8,A8,Z,15
BMW,640i xDRIVE GRAN COUPE,COMPACT,3,6,A8,Z,11.9
BMW,650i xDRIVE CABRIOLET,SUBCOMPACT,4.4,8,A8,Z,15
BMW,650i xDRIVE COUPE,COMPACT,4.4,8,A8,Z,14.4
BMW,650i xDRIVE GRAN COUPE,COMPACT,4.4,8,A8,Z,15
BMW,740Li xDRIVE,FULL-SIZE,3,6,A8,Z,12.5
BMW,750i xDRIVE,FULL-SIZE,4.4,8,A8,Z,15
BMW,750Li xDRIVE,FULL-SIZE,4.4,8,A8,Z,15
BMW,760Li,FULL-SIZE,6,12,A8,Z,18.7
BMW,ACTIVEHYBRID 3,COMPACT,3,6,A8,Z,9.2
BMW,ACTIVEHYBRID 5,MID-SIZE,3,6,A8,Z,10.5
BMW,ACTIVEHYBRID 7L,FULL-SIZE,3,6,A8,Z,10.5
BMW,ALPINA B7 xDRIVE LWB,FULL-SIZE,4.4,8,A8,Z,15
BMW,ALPINA B7 xDRIVE SWB,FULL-SIZE,4.4,8,A8,Z,15
BMW,M5,MID-SIZE,4.4,8,AM7,Z,17.3
BMW,M5,MID-SIZE,4.4,8,M6,Z,16.2
BMW,M6,COMPACT,4.4,8,AM7,Z,17.3
BMW,M6,COMPACT,4.4,8,M6,Z,16.2
BMW,M6 CABRIOLET,SUBCOMPACT,4.4,8,AM7,Z,17.3
BMW,M6 CABRIOLET,SUBCOMPACT,4.4,8,M6,Z,16.2
BMW,M6 GRAN COUPE,COMPACT,4.4,8,AM7,Z,17.3
BMW,M6 GRAN COUPE,COMPACT,4.4,8,M6,Z,16.2
BMW,X1 xDRIVE28i,SUV - SMALL,2,4,A8,Z,10.6
BMW,X1 xDRIVE35i,SUV - SMALL,3,6,A6,Z,13.2
BMW,X3 xDRIVE28i,SUV - SMALL,2,4,A8,Z,11.2
BMW,X3 xDRIVE35i,SUV - SMALL,3,6,A8,Z,12.6
BMW,X5 xDRIVE35i,SUV - STANDARD,3,6,A8,Z,12.9
BMW,X5 xDRIVE50i,SUV - STANDARD,4.4,8,A8,Z,16.3
BMW,X6 M,SUV - STANDARD,4.4,8,A6,Z,18.1
BMW,X6 xDRIVE35i,SUV - STANDARD,3,6,A8,Z,13.6
BMW,X6 xDRIVE50i,SUV - STANDARD,4.4,8,A8,Z,16.4
BMW,Z4 sDRIVE28i,TWO-SEATER,2,4,A8,Z,10.8
BMW,Z4 sDRIVE28i,TWO-SEATER,2,4,M6,Z,10.4
BMW,Z4 sDRIVE35i,TWO-SEATER,3,6,AM7,Z,13.7
BMW,Z4 sDRIVE35i,TWO-SEATER,3,6,M6,Z,12.7
BMW,Z4 sDRIVE35is,TWO-SEATER,3,6,AM7,Z,13.7
BUICK,ENCLAVE,SUV - STANDARD,3.6,6,A6,X,14.3
BUICK,ENCLAVE AWD,SUV - STANDARD,3.6,6,A6,X,14.6
BUICK,ENCORE,SUV - SMALL,1.4,4,AS6,X,9.5
BUICK,ENCORE AWD,SUV - SMALL,1.4,4,AS6,X,10.2
BUICK,LACROSSE,MID-SIZE,3.6,6,AS6,X,13.7
BUICK,LACROSSE,MID-SIZE,3.6,6,AS6,E,18.4
BUICK,LACROSSE AWD,MID-SIZE,3.6,6,AS6,X,13.7
BUICK,LACROSSE AWD,MID-SIZE,3.6,6,AS6,E,19.4
BUICK,LACROSSE eASSIST,MID-SIZE,2.4,4,AS6,X,9.6
BUICK,REGAL,MID-SIZE,2,4,AS6,Z,11.5
BUICK,REGAL,MID-SIZE,2,4,M6,Z,11.6
BUICK,REGAL AWD,MID-SIZE,2,4,AS6,Z,12.3
BUICK,REGAL eASSIST,MID-SIZE,2.4,4,AS6,X,9.6
BUICK,VERANO,COMPACT,2,4,AS6,Z,11.5
BUICK,VERANO,COMPACT,2,4,M6,Z,11.6
BUICK,VERANO,COMPACT,2.4,4,AS6,X,11.3
CADILLAC,ATS,COMPACT,2,4,AS6,Z,11.3
CADILLAC,ATS,COMPACT,2,4,M6,Z,12.1
CADILLAC,ATS,COMPACT,2.5,4,AS6,X,10.5
CADILLAC,ATS,COMPACT,3.6,6,AS6,X,12.8
CADILLAC,ATS AWD,COMPACT,2,4,AS6,Z,11.8
CADILLAC,ATS AWD,COMPACT,3.6,6,AS6,X,13.1
CADILLAC,CTS COUPE,MID-SIZE,3.6,6,AS6,X,13.2
CADILLAC,CTS COUPE AWD,MID-SIZE,3.6,6,AS6,X,13.3
CADILLAC,CTS SEDAN,MID-SIZE,2,4,AS6,Z,11.9
CADILLAC,CTS SEDAN,MID-SIZE,3.6,6,AS8,X,12.9
CADILLAC,CTS SEDAN AWD,MID-SIZE,2,4,AS6,Z,12.6
CADILLAC,CTS SEDAN AWD,MID-SIZE,3.6,6,AS6,X,13.1
CADILLAC,CTS SEDAN Vsport,MID-SIZE,3.6,6,AS8,Z,15.1
CADILLAC,CTS SPORT WAGON,STATION WAGON - SMALL,3,6,AS6,X,12.7
CADILLAC,CTS SPORT WAGON,STATION WAGON - SMALL,3.6,6,AS6,X,13.3
CADILLAC,CTS SPORT WAGON AWD,STATION WAGON - SMALL,3,6,AS6,X,12.8
CADILLAC,CTS SPORT WAGON AWD,STATION WAGON - SMALL,3.6,6,AS6,X,13.3
CADILLAC,CTS-V COUPE,MID-SIZE,6.2,8,AS6,Z,19.7
CADILLAC,CTS-V COUPE,MID-SIZE,6.2,8,M6,Z,16.7
CADILLAC,CTS-V SEDAN,MID-SIZE,6.2,8,AS6,Z,19.7
CADILLAC,CTS-V SEDAN,MID-SIZE,6.2,8,M6,Z,16.7
CADILLAC,CTS-V SPORT WAGON,STATION WAGON - SMALL,6.2,8,AS6,Z,19.7
CADILLAC,CTS-V SPORT WAGON,STATION WAGON - SMALL,6.2,8,M6,Z,16.7
CADILLAC,ESCALADE AWD,SUV - STANDARD,6.2,8,A6,Z,17
CADILLAC,ESCALADE AWD,SUV - STANDARD,6.2,8,A6,E,23.3
CADILLAC,ESCALADE ESV AWD,SUV - STANDARD,6.2,8,A6,Z,18.8
CADILLAC,ESCALADE ESV AWD,SUV - STANDARD,6.2,8,A6,E,25.7
CADILLAC,SRX,SUV - STANDARD,3.6,6,AS6,X,14.3
CADILLAC,SRX AWD,SUV - STANDARD,3.6,6,AS6,X,14.8
CADILLAC,XTS,FULL-SIZE,3.6,6,AS6,X,13.6
CADILLAC,XTS AWD,FULL-SIZE,3.6,6,AS6,X,14
CADILLAC,XTS Vsport AWD,FULL-SIZE,3.6,6,AS6,Z,14.8
CHEVROLET,CAMARO,COMPACT,3.6,6,AS6,X,13.2
CHEVROLET,CAMARO,COMPACT,3.6,6,M6,X,14.2
CHEVROLET,CAMARO 2LS,COMPACT,3.6,6,AS6,X,12.7
CHEVROLET,CAMARO SS,COMPACT,6.2,8,AS6,Z,15.3
CHEVROLET,CAMARO SS,COMPACT,6.2,8,M6,Z,15
CHEVROLET,CAMARO ZL1,COMPACT,6.2,8,AS6,Z,19.7
CHEVROLET,CAMARO ZL1,COMPACT,6.2,8,M6,Z,16.7
CHEVROLET,CORVETTE,TWO-SEATER,6.2,8,AS6,Z,14.9
CHEVROLET,CORVETTE,TWO-SEATER,6.2,8,M7,Z,13.7
CHEVROLET,CRUZE,MID-SIZE,1.4,4,AS6,X,9.1
CHEVROLET,CRUZE,MID-SIZE,1.4,4,M6,X,9.1
CHEVROLET,CRUZE,MID-SIZE,1.8,4,AS6,X,10.5
CHEVROLET,CRUZE,MID-SIZE,1.8,4,M6,X,9.5
CHEVROLET,CRUZE DIESEL,MID-SIZE,2,4,AS6,D,8.7
CHEVROLET,CRUZE ECO,MID-SIZE,1.4,4,A6,X,9.1
CHEVROLET,CRUZE ECO,MID-SIZE,1.4,4,M6,X,8.4
CHEVROLET,EQUINOX,SUV - SMALL,2.4,4,A6,X,10.5
CHEVROLET,EQUINOX,SUV - SMALL,3.6,6,A6,X,13.9
CHEVROLET,EQUINOX,SUV - SMALL,3.6,6,A6,E,18.8
CHEVROLET,EQUINOX AWD,SUV - SMALL,2.4,4,A6,X,11.5
CHEVROLET,EQUINOX AWD,SUV - SMALL,3.6,6,A6,X,14.8
CHEVROLET,EQUINOX AWD,SUV - SMALL,3.6,6,A6,E,19.8
CHEVROLET,EXPRESS 1500 CARGO,VAN - CARGO,4.3,6,A4,X,17.1
CHEVROLET,EXPRESS 1500 CARGO,VAN - CARGO,5.3,8,A4,X,18
CHEVROLET,EXPRESS 1500 CARGO,VAN - CARGO,5.3,8,A4,E,23.5
CHEVROLET,EXPRESS 1500 CARGO AWD,VAN - CARGO,5.3,8,A4,X,18.3
CHEVROLET,EXPRESS 1500 CARGO AWD,VAN - CARGO,5.3,8,A4,E,23.7
CHEVROLET,EXPRESS 1500 CARGO CONV,VAN - CARGO,5.3,8,A4,X,18.6
CHEVROLET,EXPRESS 1500 CARGO CONV,VAN - CARGO,5.3,8,A4,E,23.9
CHEVROLET,EXPRESS 1500 CARGO CONV AWD,VAN - CARGO,5.3,8,A4,X,18.3
CHEVROLET,EXPRESS 1500 CARGO CONV AWD,VAN - CARGO,5.3,8,A4,E,25.3
CHEVROLET,EXPRESS 1500 PASSENGER,VAN - PASSENGER,5.3,8,A4,X,18.6
CHEVROLET,EXPRESS 1500 PASSENGER,VAN - PASSENGER,5.3,8,A4,E,23.9
CHEVROLET,EXPRESS 1500 PASSENGER AWD,VAN - PASSENGER,5.3,8,A4,X,18.3
CHEVROLET,EXPRESS 1500 PASSENGER AWD,VAN - PASSENGER,5.3,8,A4,E,25.3
CHEVROLET,EXPRESS 2500 PASSENGER,VAN - PASSENGER,4.8,8,A6,X,21.1
CHEVROLET,EXPRESS 2500 PASSENGER,VAN - PASSENGER,6,8,A6,X,21.9
CHEVROLET,EXPRESS 2500 PASSENGER,VAN - PASSENGER,6,8,A6,E,30
CHEVROLET,EXPRESS 3500 PASSENGER,VAN - PASSENGER,4.8,8,A6,X,21.3
CHEVROLET,EXPRESS 3500 PASSENGER,VAN - PASSENGER,6,8,A6,X,22.1
CHEVROLET,EXPRESS 3500 PASSENGER,VAN - PASSENGER,6,8,A6,E,30.2
CHEVROLET,IMPALA,FULL-SIZE,2.5,4,AS6,X,11.3
CHEVROLET,IMPALA,FULL-SIZE,3.6,6,AS6,X,12.6
CHEVROLET,IMPALA,FULL-SIZE,3.6,6,AS6,E,16.7
CHEVROLET,IMPALA ECO,FULL-SIZE,2.4,4,AS6,X,10
CHEVROLET,MALIBU,MID-SIZE,2,4,AS6,Z,11.5
CHEVROLET,MALIBU,MID-SIZE,2.5,4,AS6,X,9.3
CHEVROLET,ORLANDO,SUV - SMALL,2.4,4,AS6,X,12.2
CHEVROLET,ORLANDO,SUV - SMALL,2.4,4,M6,X,11.8
CHEVROLET,SILVERADO,PICKUP TRUCK - STANDARD,4.3,6,A6,X,13.4
CHEVROLET,SILVERADO,PICKUP TRUCK - STANDARD,4.3,6,A6,E,18.9
CHEVROLET,SILVERADO,PICKUP TRUCK - STANDARD,5.3,8,A6,X,14.6
CHEVROLET,SILVERADO,PICKUP TRUCK - STANDARD,5.3,8,A6,E,19.5
CHEVROLET,SILVERADO,PICKUP TRUCK - STANDARD,6.2,8,A6,Z,16.3
CHEVROLET,SILVERADO 4WD,PICKUP TRUCK - STANDARD,4.3,6,A6,X,14.2
CHEVROLET,SILVERADO 4WD,PICKUP TRUCK - STANDARD,4.3,6,A6,E,20
CHEVROLET,SILVERADO 4WD,PICKUP TRUCK - STANDARD,5.3,8,A6,X,14.9
CHEVROLET,SILVERADO 4WD,PICKUP TRUCK - STANDARD,5.3,8,A6,E,19.9
CHEVROLET,SILVERADO 4WD,PICKUP TRUCK - STANDARD,6.2,8,A6,Z,16.4
CHEVROLET,SONIC,COMPACT,1.4,4,AS6,X,9.1
CHEVROLET,SONIC,COMPACT,1.4,4,M6,X,8.5
CHEVROLET,SONIC,COMPACT,1.8,4,AS6,X,9.6
CHEVROLET,SONIC,COMPACT,1.8,4,M5,X,8.9
CHEVROLET,SONIC RS,COMPACT,1.4,4,AS6,X,9.4
CHEVROLET,SONIC RS,COMPACT,1.4,4,M6,X,8.8
CHEVROLET,SONIC 5,MID-SIZE,1.4,4,AS6,X,9.1
CHEVROLET,SONIC 5,MID-SIZE,1.4,4,M6,X,8.5
CHEVROLET,SONIC 5,MID-SIZE,1.8,4,AS6,X,9.6
CHEVROLET,SONIC 5,MID-SIZE,1.8,4,M5,X,8.9
CHEVROLET,SONIC 5 RS,MID-SIZE,1.4,4,AS6,X,9.4
CHEVROLET,SONIC 5 RS,MID-SIZE,1.4,4,M6,X,8.8
CHEVROLET,SPARK,SUBCOMPACT,1.2,4,AV,X,7.7
CHEVROLET,SPARK,SUBCOMPACT,1.2,4,M5,X,7.6
CHEVROLET,SUBURBAN,SUV - STANDARD,5.3,8,A6,X,16
CHEVROLET,SUBURBAN,SUV - STANDARD,5.3,8,A6,E,21.5
CHEVROLET,SUBURBAN 4WD,SUV - STANDARD,5.3,8,A6,X,16
CHEVROLET,SUBURBAN 4WD,SUV - STANDARD,5.3,8,A6,E,21.5
CHEVROLET,TAHOE,SUV - STANDARD,5.3,8,A6,X,16
CHEVROLET,TAHOE,SUV - STANDARD,5.3,8,A6,E,21.5
CHEVROLET,TAHOE 4WD,SUV - STANDARD,5.3,8,A6,X,16
CHEVROLET,TAHOE 4WD,SUV - STANDARD,5.3,8,A6,E,21.5
CHEVROLET,TRAVERSE,SUV - STANDARD,3.6,6,A6,X,14.3
CHEVROLET,TRAVERSE AWD,SUV - STANDARD,3.6,6,A6,X,14.6
CHEVROLET,TRAX,SUV - SMALL,1.4,4,AS6,X,9.4
CHEVROLET,TRAX,SUV - SMALL,1.4,4,M6,X,9.1
CHEVROLET,TRAX AWD,SUV - SMALL,1.4,4,AS6,X,10
CHRYSLER,300,FULL-SIZE,3.6,6,A8,X,12.4
CHRYSLER,200 CONVERTIBLE,COMPACT,2.4,4,A4,X,11.7
CHRYSLER,200 CONVERTIBLE,COMPACT,2.4,4,A6,X,12.9
CHRYSLER,200 CONVERTIBLE FFV,COMPACT,3.6,6,A6,X,12.5
CHRYSLER,200 CONVERTIBLE FFV,COMPACT,3.6,6,A6,E,17
CHRYSLER,200 SEDAN,MID-SIZE,2.4,4,A4,X,11.2
CHRYSLER,200 SEDAN,MID-SIZE,2.4,4,A6,X,12
CHRYSLER,200 SEDAN FFV,MID-SIZE,3.6,6,A6,X,12.5
CHRYSLER,200 SEDAN FFV,MID-SIZE,3.6,6,A6,E,17
CHRYSLER,300 (MDS),FULL-SIZE,5.7,8,A5,X,15.8
CHRYSLER,300 AWD,FULL-SIZE,3.6,6,A8,X,12.8
CHRYSLER,300 AWD (MDS),FULL-SIZE,5.7,8,A5,X,16.1
CHRYSLER,300 AWD FFV,FULL-SIZE,3.6,6,A8,X,12.8
CHRYSLER,300 AWD FFV,FULL-SIZE,3.6,6,A8,E,17.3
CHRYSLER,300 FFV,FULL-SIZE,3.6,6,A8,X,12.4
CHRYSLER,300 FFV,FULL-SIZE,3.6,6,A8,E,16.8
CHRYSLER,300 SRT (MDS),FULL-SIZE,6.4,8,A5,Z,16.7
CHRYSLER,TOWN & COUNTRY FFV,MINIVAN,3.6,6,A6,X,14.1
CHRYSLER,TOWN & COUNTRY FFV,MINIVAN,3.6,6,A6,E,19.7
DODGE,AVENGER,MID-SIZE,2.4,4,A4,X,11.2
DODGE,AVENGER,MID-SIZE,2.4,4,A6,X,12
DODGE,AVENGER FFV,MID-SIZE,3.6,6,A6,X,12.5
DODGE,AVENGER FFV,MID-SIZE,3.6,6,A6,E,17
DODGE,CHALLENGER,MID-SIZE,3.6,6,A5,X,13.2
DODGE,CHALLENGER,MID-SIZE,5.7,8,M6,X,15.6
DODGE,CHALLENGER (MDS),MID-SIZE,5.7,8,A5,X,15.8
DODGE,CHALLENGER SRT,MID-SIZE,6.4,8,M6,Z,16.8
DODGE,CHALLENGER SRT (MDS),MID-SIZE,6.4,8,A5,Z,16.7
DODGE,CHARGER,FULL-SIZE,3.6,6,A5,X,13.2
DODGE,CHARGER,FULL-SIZE,3.6,6,A8,X,12.4
DODGE,CHARGER (MDS),FULL-SIZE,5.7,8,A5,X,15.8
DODGE,CHARGER AWD,FULL-SIZE,3.6,6,A8,X,12.8
DODGE,CHARGER AWD (MDS),FULL-SIZE,5.7,8,A5,X,16.1
DODGE,CHARGER AWD FFV,FULL-SIZE,3.6,6,A8,X,12.8
DODGE,CHARGER AWD FFV,FULL-SIZE,3.6,6,A8,E,17.3
DODGE,CHARGER FFV,FULL-SIZE,3.6,6,A5,X,13.2
DODGE,CHARGER FFV,FULL-SIZE,3.6,6,A5,E,18.3
DODGE,CHARGER FFV,FULL-SIZE,3.6,6,A8,X,12.3
DODGE,CHARGER FFV,FULL-SIZE,3.6,6,A8,E,16.8
DODGE,CHARGER SRT (MDS),FULL-SIZE,6.4,8,A5,Z,16.7
DODGE,DART,MID-SIZE,2,4,M6,X,9.4
DODGE,DART,MID-SIZE,2.4,4,A6,X,10.1
DODGE,DART,MID-SIZE,2.4,4,M6,X,10.5
DODGE,DART FFV,MID-SIZE,2,4,A6,X,9.9
DODGE,DART FFV,MID-SIZE,2,4,A6,E,14.2
DODGE,DART GT,MID-SIZE,2.4,4,A6,X,10.6
DODGE,DART GT,MID-SIZE,2.4,4,M6,X,10.2
DODGE,DART TURBO AERO,MID-SIZE,1.4,4,AM6,X,8.4
DODGE,DART TURBO AERO,MID-SIZE,1.4,4,M6,X,8.5
DODGE,DURANGO AWD (MDS),SUV - STANDARD,5.7,8,A8,X,17.3
DODGE,DURANGO AWD FFV,SUV - STANDARD,3.6,6,A8,X,13.9
DODGE,DURANGO AWD FFV,SUV - STANDARD,3.6,6,A8,E,17.7
DODGE,GRAND CARAVAN FFV,MINIVAN,3.6,6,A6,X,13.7
DODGE,GRAND CARAVAN FFV,MINIVAN,3.6,6,A6,E,19.2
DODGE,JOURNEY,SUV - SMALL,2.4,4,A4,X,12.7
DODGE,JOURNEY AWD,SUV - SMALL,3.6,6,A6,X,14.5
DODGE,JOURNEY FFV,SUV - SMALL,3.6,6,A6,X,14.2
DODGE,JOURNEY FFV,SUV - SMALL,3.6,6,A6,E,18.9
FIAT,500 ABARTH CABRIO,MINICOMPACT,1.4,4,M5,X,8.5
FIAT,500 ABARTH HATCHBACK,MINICOMPACT,1.4,4,M5,X,8.5
FIAT,500 CABRIO,MINICOMPACT,1.4,4,A6,X,8.7
FIAT,500 CABRIO,MINICOMPACT,1.4,4,M5,X,7.9
FIAT,500 CABRIO TURBO,MINICOMPACT,1.4,4,M5,X,8.5
FIAT,500 HATCHBACK,MINICOMPACT,1.4,4,A6,X,8.7
FIAT,500 HATCHBACK,MINICOMPACT,1.4,4,M5,X,7.6
FIAT,500 HATCHBACK TURBO,MINICOMPACT,1.4,4,M5,X,8.5
FIAT,500L TURBO,STATION WAGON - SMALL,1.4,4,AM6,X,10
FIAT,500L TURBO,STATION WAGON - SMALL,1.4,4,M6,X,9.3
FORD,C-MAX HYBRID,FULL-SIZE,2,4,AV,X,5.6
FORD,E150 VAN FFV,VAN - CARGO,4.6,8,A4,X,17.7
FORD,E150 VAN FFV,VAN - CARGO,4.6,8,A4,E,24.1
FORD,E150 VAN FFV,VAN - CARGO,5.4,8,A4,X,19.3
FORD,E150 VAN FFV,VAN - CARGO,5.4,8,A4,E,24.9
FORD,E150 WAGON FFV,VAN - PASSENGER,4.6,8,A4,X,18.6
FORD,E150 WAGON FFV,VAN - PASSENGER,4.6,8,A4,E,25.5
FORD,E350 WAGON,VAN - PASSENGER,6.8,10,A5,X,23.9
FORD,E350 WAGON FFV,VAN - PASSENGER,5.4,8,A4,X,20.6
FORD,E350 WAGON FFV,VAN - PASSENGER,5.4,8,A4,E,26.7
FORD,EDGE,SUV - SMALL,2,4,A6,X,11.3
FORD,EDGE,SUV - SMALL,3.5,6,AS6,X,12.6
FORD,EDGE AWD,SUV - SMALL,3.5,6,AS6,X,13.3
FORD,EDGE AWD,SUV - SMALL,3.7,6,AS6,X,13.7
FORD,ESCAPE,SUV - SMALL,1.6,4,AS6,X,10.4
FORD,ESCAPE,SUV - SMALL,2,4,AS6,X,10.9
FORD,ESCAPE,SUV - SMALL,2.5,4,AS6,X,10.9
FORD,ESCAPE AWD,SUV - SMALL,1.6,4,AS6,X,10.5
FORD,ESCAPE AWD,SUV - SMALL,2,4,AS6,X,11.2
FORD,EXPEDITION 4X4 FFV,SUV - STANDARD,5.4,8,A6,X,18.2
FORD,EXPEDITION 4X4 FFV,SUV - STANDARD,5.4,8,A6,E,24.5
FORD,EXPLORER,SUV - STANDARD,2,4,A6,X,11.8
FORD,EXPLORER AWD,SUV - STANDARD,3.5,6,AS6,X,14.8
FORD,EXPLORER FFV,SUV - STANDARD,3.5,6,AS6,X,13.7
FORD,EXPLORER FFV,SUV - STANDARD,3.5,6,AS6,E,18.3
FORD,EXPLORER FFV AWD,SUV - STANDARD,3.5,6,AS6,X,14.3
FORD,EXPLORER FFV AWD,SUV - STANDARD,3.5,6,AS6,E,18.9
FORD,F-150,PICKUP TRUCK - STANDARD,3.5,6,A6,X,14.5
FORD,F-150,PICKUP TRUCK - STANDARD,3.5,6,AS6,X,14.6
FORD,F-150,PICKUP TRUCK - STANDARD,6.2,8,AS6,X,18.3
FORD,F-150 4X4,PICKUP TRUCK - STANDARD,3.5,6,A6,X,15.9
FORD,F-150 4X4,PICKUP TRUCK - STANDARD,3.5,6,AS6,X,15.4
FORD,F-150 4X4,PICKUP TRUCK - STANDARD,6.2,8,AS6,X,20.1
FORD,F-150 FFV,PICKUP TRUCK - STANDARD,3.7,6,A6,X,14
FORD,F-150 FFV,PICKUP TRUCK - STANDARD,3.7,6,A6,E,18.8
FORD,F-150 FFV,PICKUP TRUCK - STANDARD,3.7,6,AS6,X,14
FORD,F-150 FFV,PICKUP TRUCK - STANDARD,3.7,6,AS6,E,18.8
FORD,F-150 FFV,PICKUP TRUCK - STANDARD,5,8,A6,X,16.4
FORD,F-150 FFV,PICKUP TRUCK - STANDARD,5,8,A6,E,22.1
FORD,F-150 FFV,PICKUP TRUCK - STANDARD,5,8,AS6,X,16.4
FORD,F-150 FFV,PICKUP TRUCK - STANDARD,5,8,AS6,E,22.1
FORD,F-150 FFV 4X4,PICKUP TRUCK - STANDARD,3.7,6,A6,X,15
FORD,F-150 FFV 4X4,PICKUP TRUCK - STANDARD,3.7,6,A6,E,20.2
FORD,F-150 FFV 4X4,PICKUP TRUCK - STANDARD,3.7,6,AS6,X,15
FORD,F-150 FFV 4X4,PICKUP TRUCK - STANDARD,3.7,6,AS6,E,20.2
FORD,F-150 FFV 4X4,PICKUP TRUCK - STANDARD,5,8,A6,X,16.8
FORD,F-150 FFV 4X4,PICKUP TRUCK - STANDARD,5,8,A6,E,22.4
FORD,F-150 FFV 4X4,PICKUP TRUCK - STANDARD,5,8,AS6,X,16.7
FORD,F-150 FFV 4X4,PICKUP TRUCK - STANDARD,5,8,AS6,E,22.4
FORD,F-150 RAPTOR 4X4,PICKUP TRUCK - STANDARD,6.2,8,AS6,X,20.4
FORD,FIESTA,SUBCOMPACT,1.6,4,AS6,X,8.5
FORD,FIESTA,SUBCOMPACT,1.6,4,M5,X,8.6
FORD,FIESTA SFE,SUBCOMPACT,1,4,M5,X,7.5
FORD,FIESTA SFE,SUBCOMPACT,1.6,4,AS6,X,8
FORD,FIESTA ST,COMPACT,1.6,4,M6,X,8.9
FORD,FLEX,SUV - STANDARD,3.5,6,AS6,X,13.2
FORD,FLEX AWD,SUV - STANDARD,3.5,6,AS6,X,13.7
FORD,FLEX AWD (EcoBoost),SUV - STANDARD,3.5,6,AS6,X,14.8
FORD,FOCUS,COMPACT,2,4,M6,X,10.2
FORD,FOCUS FFV,COMPACT,2,4,A6,X,8.8
FORD,FOCUS FFV,COMPACT,2,4,A6,E,11.7
FORD,FOCUS FFV,COMPACT,2,4,AS6,X,8.9
FORD,FOCUS FFV,COMPACT,2,4,AS6,E,11.7
FORD,FOCUS FFV,COMPACT,2,4,M5,X,9.1
FORD,FOCUS FFV,COMPACT,2,4,M5,E,11.9
FORD,FOCUS SFE FFV,COMPACT,2,4,A6,X,8.4
FORD,FOCUS SFE FFV,COMPACT,2,4,A6,E,11.6
FORD,FUSION,MID-SIZE,1.5,4,AS6,X,10.1
FORD,FUSION,MID-SIZE,1.6,4,M6,X,9.4
FORD,FUSION,MID-SIZE,2,4,AS6,X,10.5
FORD,FUSION,MID-SIZE,2.5,4,AS6,X,10.5
FORD,FUSION (Start/Stop),MID-SIZE,1.5,4,AS6,X,9.5
FORD,FUSION AWD,MID-SIZE,2,4,AS6,X,10.9
FORD,FUSION HYBRID,MID-SIZE,2,4,AV,X,5.3
FORD,MUSTANG,SUBCOMPACT,3.7,6,A6,X,12.1
FORD,MUSTANG,SUBCOMPACT,3.7,6,M6,X,12.7
FORD,MUSTANG,SUBCOMPACT,5,8,A6,X,13.3
FORD,MUSTANG,SUBCOMPACT,5,8,M6,X,15.4
FORD,MUSTANG,SUBCOMPACT,5.8,8,M6,Z,15.9
FORD,MUSTANG CONVERTIBLE,SUBCOMPACT,3.7,6,A6,X,12.5
FORD,TAURUS,FULL-SIZE,2,4,AS6,X,10.5
FORD,TAURUS AWD,FULL-SIZE,3.5,6,AS6,X,13.7
FORD,TAURUS FFV,FULL-SIZE,3.5,6,AS6,X,12.1
FORD,TAURUS FFV,FULL-SIZE,3.5,6,AS6,E,17
FORD,TAURUS FFV AWD,FULL-SIZE,3.5,6,AS6,X,13
FORD,TAURUS FFV AWD,FULL-SIZE,3.5,6,AS6,E,18.4
FORD,TRANSIT CONNECT,SPECIAL PURPOSE VEHICLE,1.6,4,AS6,X,10.8
FORD,TRANSIT CONNECT,SPECIAL PURPOSE VEHICLE,2.5,4,AS6,X,11.3
FORD,TRANSIT CONNECT TAXI,SPECIAL PURPOSE VEHICLE,1.6,4,AS6,X,11.5
FORD,TRANSIT CONNECT WAGON,SPECIAL PURPOSE VEHICLE,2.5,4,AS6,X,11.9
GMC,ACADIA,SUV - STANDARD,3.6,6,A6,X,14.3
GMC,ACADIA AWD,SUV - STANDARD,3.6,6,A6,X,14.9
GMC,SAVANA 1500 CARGO,VAN - CARGO,4.3,6,A4,X,17.1
GMC,SAVANA 1500 CARGO,VAN - CARGO,5.3,8,A4,X,18
GMC,SAVANA 1500 CARGO,VAN - CARGO,5.3,8,A4,E,23.5
GMC,SAVANA 1500 CARGO AWD,VAN - CARGO,5.3,8,A4,X,18.3
GMC,SAVANA 1500 CARGO AWD,VAN - CARGO,5.3,8,A4,E,23.7
GMC,SAVANA 1500 CARGO CONV,VAN - CARGO,5.3,8,A4,X,18.6
GMC,SAVANA 1500 CARGO CONV,VAN - CARGO,5.3,8,A4,E,23.9
GMC,SAVANA 1500 CARGO CONV AWD,VAN - CARGO,5.3,8,A4,X,18.3
GMC,SAVANA 1500 CARGO CONV AWD,VAN - CARGO,5.3,8,A4,E,25.3
GMC,SAVANA 1500 PASSENGER,VAN - PASSENGER,5.3,8,A4,X,18.6
GMC,SAVANA 1500 PASSENGER,VAN - PASSENGER,5.3,8,A4,E,23.9
GMC,SAVANA 1500 PASSENGER AWD,VAN - PASSENGER,5.3,8,A4,X,18.3
GMC,SAVANA 1500 PASSENGER AWD,VAN - PASSENGER,5.3,8,A4,E,25.3
GMC,SAVANA 2500 PASSENGER,VAN - PASSENGER,4.8,8,A6,X,21.1
GMC,SAVANA 2500 PASSENGER,VAN - PASSENGER,6,8,A6,X,21.9
GMC,SAVANA 2500 PASSENGER,VAN - PASSENGER,6,8,A6,E,30
GMC,SAVANA 3500 PASSENGER,VAN - PASSENGER,4.8,8,A6,X,21.3
GMC,SAVANA 3500 PASSENGER,VAN - PASSENGER,6,8,A6,X,22.1
GMC,SAVANA 3500 PASSENGER,VAN - PASSENGER,6,8,A6,E,30.2
GMC,SIERRA,PICKUP TRUCK - STANDARD,4.3,6,A6,X,13.4
GMC,SIERRA,PICKUP TRUCK - STANDARD,4.3,6,A6,E,18.9
GMC,SIERRA,PICKUP TRUCK - STANDARD,5.3,8,A6,X,14.6
GMC,SIERRA,PICKUP TRUCK - STANDARD,5.3,8,A6,E,19.5
GMC,SIERRA,PICKUP TRUCK - STANDARD,6.2,8,A6,Z,16.3
GMC,SIERRA 4WD,PICKUP TRUCK - STANDARD,4.3,6,A6,X,14.2
GMC,SIERRA 4WD,PICKUP TRUCK - STANDARD,4.3,6,A6,E,20
GMC,SIERRA 4WD,PICKUP TRUCK - STANDARD,5.3,8,A6,X,14.9
GMC,SIERRA 4WD,PICKUP TRUCK - STANDARD,5.3,8,A6,E,19.9
GMC,SIERRA 4WD,PICKUP TRUCK - STANDARD,6.2,8,A6,Z,16.4
GMC,TERRAIN,SUV - SMALL,2.4,4,A6,X,10.5
GMC,TERRAIN,SUV - SMALL,3.6,6,A6,X,13.9
GMC,TERRAIN,SUV - SMALL,3.6,6,A6,E,18.8
GMC,TERRAIN AWD,SUV - SMALL,2.4,4,A6,X,11.5
GMC,TERRAIN AWD,SUV - SMALL,3.6,6,A6,X,14.8
GMC,TERRAIN AWD,SUV - SMALL,3.6,6,A6,E,19.8
GMC,YUKON,SUV - STANDARD,5.3,8,A6,X,16
GMC,YUKON,SUV - STANDARD,5.3,8,A6,E,21.5
GMC,YUKON 4WD,SUV - STANDARD,5.3,8,A6,X,16
GMC,YUKON 4WD,SUV - STANDARD,5.3,8,A6,E,21.5
GMC,YUKON DENALI AWD,SUV - STANDARD,6.2,8,A6,Z,17
GMC,YUKON DENALI AWD,SUV - STANDARD,6.2,8,A6,E,23.3
GMC,YUKON DENALI XL AWD,SUV - STANDARD,6.2,8,A6,Z,18.8
GMC,YUKON DENALI XL AWD,SUV - STANDARD,6.2,8,A6,E,25.7
GMC,YUKON XL,SUV - STANDARD,5.3,8,A6,X,16
GMC,YUKON XL,SUV - STANDARD,5.3,8,A6,E,21.5
GMC,YUKON XL 4WD,SUV - STANDARD,5.3,8,A6,X,16
GMC,YUKON XL 4WD,SUV - STANDARD,5.3,8,A6,E,21.5
HONDA,ACCORD,MID-SIZE,2.4,4,AV,X,9
HONDA,ACCORD,MID-SIZE,2.4,4,AV7,X,9.1
HONDA,ACCORD,MID-SIZE,2.4,4,M6,X,10.1
HONDA,ACCORD,MID-SIZE,3.5,6,A6,X,11
HONDA,ACCORD,MID-SIZE,3.5,6,AS6,X,11.4
HONDA,ACCORD,MID-SIZE,3.5,6,M6,X,13
HONDA,ACCORD HYBRID,MID-SIZE,2,4,AV,X,4.7
HONDA,CIVIC,COMPACT,1.8,4,AV,X,7.9
HONDA,CIVIC,COMPACT,1.8,4,AV7,X,8.1
HONDA,CIVIC,COMPACT,1.8,4,M5,X,8.5
HONDA,CROSSTOUR AWD,SUV - SMALL,3.5,6,A6,X,12.5
HONDA,CR-V,SUV - SMALL,2.4,4,A5,X,10.3
HONDA,CR-V AWD,SUV - SMALL,2.4,4,A5,X,10.6
HONDA,CR-Z,TWO-SEATER,1.5,4,AV7,X,6.6
HONDA,CR-Z,TWO-SEATER,1.5,4,M6,X,7.6
HONDA,FIT,STATION WAGON - SMALL,1.5,4,A5,X,8.3
HONDA,FIT,STATION WAGON - SMALL,1.5,4,M5,X,8.3
HONDA,ODYSSEY,MINIVAN,3.5,6,A6,X,12.3
HONDA,PILOT,SUV - SMALL,3.5,6,A5,X,13.3
HONDA,PILOT AWD,SUV - SMALL,3.5,6,A5,X,13.9
HONDA,RIDGELINE AWD,PICKUP TRUCK - STANDARD,3.5,6,A5,X,15.2
HYUNDAI,ACCENT,COMPACT,1.6,4,A6,X,8.8
HYUNDAI,ACCENT,COMPACT,1.6,4,M6,X,8.7
HYUNDAI,ELANTRA GT,MID-SIZE,2,4,A6,X,9.8
HYUNDAI,ELANTRA GT,MID-SIZE,2,4,M6,X,9.8
HYUNDAI,EQUUS,FULL-SIZE,5,8,A8,Z,15.7
HYUNDAI,GENESIS,FULL-SIZE,3.8,6,A8,X,13
HYUNDAI,SANTA FE,SUV - SMALL,3.3,6,A6,X,13
HYUNDAI,SANTA FE 4WD,SUV - SMALL,3.3,6,A6,X,13.3
HYUNDAI,SANTA FE SPORT,SUV - SMALL,2.4,4,A6,X,11.6
HYUNDAI,SANTA FE SPORT 4WD,SUV - SMALL,2,4,A6,X,12.9
HYUNDAI,SANTA FE SPORT 4WD,SUV - SMALL,2.4,4,A6,X,12.5
HYUNDAI,SONATA,FULL-SIZE,2,4,A6,X,11.4
HYUNDAI,SONATA,FULL-SIZE,2.4,4,A6,X,9.8
HYUNDAI,SONATA HYBRID,MID-SIZE,2.4,4,AS6,X,6.5
HYUNDAI,SONATA HYBRID LIMITED,MID-SIZE,2.4,4,AS6,X,6.6
HYUNDAI,TUCSON,SUV - SMALL,2,4,A6,X,10.2
HYUNDAI,TUCSON,SUV - SMALL,2,4,M6,X,11.4
HYUNDAI,TUCSON,SUV - SMALL,2.4,4,A6,X,11.3
HYUNDAI,TUCSON 4WD,SUV - SMALL,2,4,A6,X,11.4
HYUNDAI,TUCSON 4WD,SUV - SMALL,2.4,4,A6,X,11.6
HYUNDAI,VELOSTER,COMPACT,1.6,4,AM6,X,8.6
HYUNDAI,VELOSTER,COMPACT,1.6,4,M6,X,9.1
HYUNDAI,VELOSTER TURBO,COMPACT,1.6,4,A6,X,9.9
HYUNDAI,VELOSTER TURBO,COMPACT,1.6,4,M6,X,9.7
INFINITI,Q50,MID-SIZE,3.7,6,AS7,Z,12
INFINITI,Q50 AWD,MID-SIZE,3.7,6,AS7,Z,12.6
INFINITI,Q50 HYBRID,COMPACT,3.5,6,AS7,Z,8.2
INFINITI,Q50 HYBRID AWD,COMPACT,3.5,6,AS7,Z,8.7
INFINITI,Q60 AWD COUPE,SUBCOMPACT,3.7,6,AS7,Z,13.3
INFINITI,Q60 CONVERTIBLE,SUBCOMPACT,3.7,6,AS7,Z,13.6
INFINITI,Q60 CONVERTIBLE,SUBCOMPACT,3.7,6,M6,Z,14.3
INFINITI,Q60 COUPE,SUBCOMPACT,3.7,6,AS7,Z,12.9
INFINITI,Q60 COUPE,SUBCOMPACT,3.7,6,M6,Z,13.5
INFINITI,Q70,MID-SIZE,3.7,6,AS7,Z,12.8
INFINITI,Q70,MID-SIZE,5.6,8,AS7,Z,14.5
INFINITI,Q70 AWD,MID-SIZE,3.7,6,AS7,Z,13.2
INFINITI,Q70 AWD,MID-SIZE,5.6,8,AS7,Z,15
INFINITI,Q70 HYBRID,MID-SIZE,3.5,6,AS7,Z,8
INFINITI,QX50 AWD,STATION WAGON - SMALL,3.7,6,AS7,Z,13.6
INFINITI,QX60,SUV - SMALL,3.5,6,AV,Z,11.9
INFINITI,QX60 AWD,SUV - SMALL,3.5,6,AV,Z,12.3
INFINITI,QX60 HYBRID AWD,SUV - STANDARD,2.5,4,AV,X,8.8
INFINITI,QX70 AWD,SUV - SMALL,3.7,6,AS7,Z,14.5
INFINITI,QX70 AWD,SUV - SMALL,5,8,AS7,Z,16.6
INFINITI,QX80 4WD,SUV - STANDARD,5.6,8,AS7,Z,17.4
JAGUAR,F-TYPE CONVERTIBLE,TWO-SEATER,3,6,AS8,Z,11.8
JAGUAR,F-TYPE S CONVERTIBLE,TWO-SEATER,3,6,AS8,Z,12.2
JAGUAR,F-TYPE V8 S CONVERTIBLE,TWO-SEATER,5,8,AS8,Z,15
JAGUAR,XF,MID-SIZE,2,4,AS8,Z,12.3
JAGUAR,XF 3.0L AWD,MID-SIZE,3,6,AS8,Z,14.7
JAGUAR,XFR,MID-SIZE,5,8,AS8,Z,15.7
JAGUAR,XFR,MID-SIZE,5,8,AS8,E,21.3
JAGUAR,XFR-S,MID-SIZE,5,8,AS8,Z,15.7
JAGUAR,XJ AWD,FULL-SIZE,3,6,AS8,Z,14.6
JAGUAR,XJ SUPERCHARGED,FULL-SIZE,5,8,AS8,Z,15.8
JAGUAR,XJ SUPERCHARGED,FULL-SIZE,5,8,AS8,E,20.6
JAGUAR,XJL AWD PORTFOLIO,FULL-SIZE,3,6,AS8,Z,14.7
JAGUAR,XJL SUPERCHARGED,FULL-SIZE,5,8,AS8,Z,15.8
JAGUAR,XJL SUPERCHARGED,FULL-SIZE,5,8,AS8,E,20.6
JAGUAR,XJR,FULL-SIZE,5,8,AS8,Z,15.8
JAGUAR,XJR LWB,FULL-SIZE,5,8,AS8,Z,15.8
JAGUAR,XK CONVERTIBLE,MINICOMPACT,5,8,AS6,Z,15.1
JAGUAR,XK COUPE,MINICOMPACT,5,8,AS6,Z,14.8
JAGUAR,XKR CONVERTIBLE,MINICOMPACT,5,8,AS6,Z,15.9
JAGUAR,XKR COUPE,MINICOMPACT,5,8,AS6,Z,15.6
JAGUAR,XKR-S CONVERTIBLE,MINICOMPACT,5,8,AS6,Z,15.9
JAGUAR,XKR-S COUPE,MINICOMPACT,5,8,AS6,Z,15.6
JEEP,CHEROKEE,SUV - SMALL,2.4,4,A9,X,10.9
JEEP,CHEROKEE,SUV - SMALL,3.2,6,A9,X,12.3
JEEP,CHEROKEE 4X4,SUV - SMALL,2.4,4,A9,X,11.3
JEEP,CHEROKEE 4X4,SUV - SMALL,3.2,6,A9,X,12.5
JEEP,CHEROKEE 4X4 ACTIVE DRIVE II,SUV - SMALL,2.4,4,A9,X,11.4
JEEP,CHEROKEE 4X4 ACTIVE DRIVE II,SUV - SMALL,3.2,6,A9,X,12.5
JEEP,CHEROKEE TRAILHAWK 4X4,SUV - SMALL,2.4,4,A9,X,12.1
JEEP,CHEROKEE TRAILHAWK 4X4,SUV - SMALL,3.2,6,A9,X,13.4
JEEP,COMPASS,SUV - SMALL,2,4,AV,X,10.7
JEEP,COMPASS,SUV - SMALL,2,4,A6,X,11.1
JEEP,COMPASS,SUV - SMALL,2,4,M5,X,10.2
JEEP,COMPASS,SUV - SMALL,2.4,4,A6,X,11.1
JEEP,COMPASS,SUV - SMALL,2.4,4,M5,X,10.3
JEEP,COMPASS 4X4,SUV - SMALL,2.4,4,A6,X,11.4
JEEP,COMPASS 4X4,SUV - SMALL,2.4,4,M5,X,10.3
JEEP,COMPASS 4X4 TRAIL RATED,SUV - SMALL,2.4,4,AV,X,11.7
JEEP,GRAND CHEROKEE 4X4 (MDS),SUV - STANDARD,5.7,8,A8,X,17.3
JEEP,GRAND CHEROKEE 4X4 DIESEL,SUV - STANDARD,3,6,A8,D,11.2
JEEP,GRAND CHEROKEE 4X4 FFV,SUV - STANDARD,3.6,6,A8,X,13.9
JEEP,GRAND CHEROKEE 4X4 FFV,SUV - STANDARD,3.6,6,A8,E,17.7
JEEP,GRAND CHEROKEE SRT 4X4 (MDS),SUV - STANDARD,6.4,8,A8,Z,18.5
JEEP,PATRIOT,SUV - SMALL,2,4,AV,X,10.7
JEEP,PATRIOT,SUV - SMALL,2,4,A6,X,11.1
JEEP,PATRIOT,SUV - SMALL,2,4,M5,X,10.2
JEEP,PATRIOT,SUV - SMALL,2.4,4,A6,X,11.1
JEEP,PATRIOT,SUV - SMALL,2.4,4,M5,X,10.3
JEEP,PATRIOT 4X4,SUV - SMALL,2.4,4,A6,X,11.4
JEEP,PATRIOT 4X4,SUV - SMALL,2.4,4,M5,X,10.3
JEEP,PATRIOT 4X4 TRAIL RATED,SUV - SMALL,2.4,4,AV,X,11.7
JEEP,WRANGLER 4X4 (2-DOOR),SUV - SMALL,3.6,6,A5,X,14.1
JEEP,WRANGLER 4X4 (2-DOOR),SUV - SMALL,3.6,6,M6,X,14.2
JEEP,WRANGLER UNLIMITED 4X4 (4-DOOR),SUV - SMALL,3.6,6,A5,X,14.8
JEEP,WRANGLER UNLIMITED 4X4 (4-DOOR),SUV - SMALL,3.6,6,M6,X,15
KIA,CADENZA,FULL-SIZE,3.3,6,A6,X,12.7
KIA,FORTE,MID-SIZE,1.8,4,A6,X,9.6
KIA,FORTE,MID-SIZE,1.8,4,M6,X,9.3
KIA,FORTE,MID-SIZE,2,4,A6,X,9.8
KIA,FORTE,MID-SIZE,2,4,M6,X,9.7
KIA,FORTE 5,FULL-SIZE,1.6,4,A6,X,11.1
KIA,FORTE 5,FULL-SIZE,1.6,4,M6,X,11.1
KIA,FORTE 5,FULL-SIZE,2,4,A6,X,9.7
KIA,FORTE 5,FULL-SIZE,2,4,M6,X,9.8
KIA,FORTE KOUP,COMPACT,1.6,4,A6,X,10.6
KIA,FORTE KOUP,COMPACT,1.6,4,M6,X,10.8
KIA,FORTE KOUP,COMPACT,2,4,A6,X,9.6
KIA,FORTE KOUP,COMPACT,2,4,M6,X,9.8
KIA,OPTIMA,MID-SIZE,2,4,A6,X,11.7
KIA,OPTIMA,MID-SIZE,2.4,4,A6,X,10.2
KIA,OPTIMA HYBRID,MID-SIZE,2.4,4,AS6,X,6.5
KIA,OPTIMA HYBRID EX,MID-SIZE,2.4,4,AS6,X,6.7
KIA,RIO,COMPACT,1.6,4,A6,X,8.7
KIA,RIO,COMPACT,1.6,4,M6,X,8.7
KIA,RIO ECO,COMPACT,1.6,4,A6,X,8.5
KIA,RONDO,STATION WAGON - MID-SIZE,2,4,A6,X,10.5
KIA,RONDO,STATION WAGON - MID-SIZE,2,4,M6,X,10.8
KIA,SEDONA,MINIVAN,3.5,6,A6,X,13.7
KIA,SORENTO,SUV - SMALL,2.4,4,A6,X,11.8
KIA,SORENTO,SUV - SMALL,3.3,6,A6,X,12.9
KIA,SORENTO 4WD,SUV - SMALL,2.4,4,A6,X,12.3
KIA,SORENTO 4WD,SUV - SMALL,3.3,6,A6,X,13.4
KIA,SOUL,STATION WAGON - SMALL,1.6,4,A6,X,9.8
KIA,SOUL,STATION WAGON - SMALL,1.6,4,M6,X,9.9
KIA,SOUL,STATION WAGON - SMALL,2,4,A6,X,10.1
KIA,SOUL ECO Dynamics,STATION WAGON - SMALL,2,4,A6,X,9.7
KIA,SPORTAGE,SUV - SMALL,2.4,4,A6,X,11.4
KIA,SPORTAGE,SUV - SMALL,2.4,4,M6,X,12.9
KIA,SPORTAGE AWD,SUV - SMALL,2,4,A6,X,12.7
KIA,SPORTAGE AWD,SUV - SMALL,2.4,4,A6,X,12
LAMBORGHINI,AVENTADOR COUPE,TWO-SEATER,6.5,12,A7,Z,22.8
LAMBORGHINI,GALLARDO COUPE,TWO-SEATER,5.2,10,A6,Z,18
LAMBORGHINI,GALLARDO COUPE,TWO-SEATER,5.2,10,M6,Z,20.6
LAND ROVER,LR2,SUV - SMALL,2,4,AS6,Z,13.5
LAND ROVER,LR4,SUV - STANDARD,3,6,AS8,Z,16.3
LAND ROVER,RANGE ROVER EVOQUE,SUV - SMALL,2,4,AS9,Z,11.3
LAND ROVER,RANGE ROVER EVOQUE COUPE,SUV - SMALL,2,4,AS9,Z,11.3
LAND ROVER,RANGE ROVER LWB V8 5.0 SC,SUV - STANDARD,5,8,AS8,Z,18
LAND ROVER,RANGE ROVER LWB V8 5.0 SC FFV,SUV - STANDARD,5,8,AS8,Z,17.2
LAND ROVER,RANGE ROVER LWB V8 5.0 SC FFV,SUV - STANDARD,5,8,AS8,E,25
LAND ROVER,RANGE ROVER SPORT V6 3.0 SC,SUV - STANDARD,3,6,AS8,Z,14.2
LAND ROVER,RANGE ROVER SPORT V6 3.0 SC FFV,SUV - STANDARD,3,6,AS8,Z,14.2
LAND ROVER,RANGE ROVER SPORT V6 3.0 SC FFV,SUV - STANDARD,3,6,AS8,E,19.4
LAND ROVER,RANGE ROVER SPORT V8 5.0 SC,SUV - STANDARD,5,8,AS8,Z,17.3
LAND ROVER,RANGE ROVER SPORT V8 5.0 SC FFV,SUV - STANDARD,5,8,AS8,Z,16.6
LAND ROVER,RANGE ROVER SPORT V8 5.0 SC FFV,SUV - STANDARD,5,8,AS8,E,24
LAND ROVER,RANGE ROVER V6 3.0 SC,SUV - STANDARD,3,6,AS8,Z,14.1
LAND ROVER,RANGE ROVER V6 3.0 SC FFV,SUV - STANDARD,3,6,AS8,Z,14.1
LAND ROVER,RANGE ROVER V6 3.0 SC FFV,SUV - STANDARD,3,6,AS8,E,19.4
LAND ROVER,RANGE ROVER V8 5.0 SC,SUV - STANDARD,5,8,AS8,Z,18
LAND ROVER,RANGE ROVER V8 5.0 SC FFV,SUV - STANDARD,5,8,AS8,Z,17.2
LAND ROVER,RANGE ROVER V8 5.0 SC FFV,SUV - STANDARD,5,8,AS8,E,25
LEXUS,CT 200h,COMPACT,1.8,4,AV,X,5.5
LEXUS,ES 300h,MID-SIZE,2.5,4,AV6,X,5.8
LEXUS,ES 350,MID-SIZE,3.5,6,AS6,X,11.3
LEXUS,GS 350,MID-SIZE,3.5,6,AS8,Z,12.1
LEXUS,GS 350 AWD,MID-SIZE,3.5,6,AS6,Z,12.5
LEXUS,GS 450h,MID-SIZE,3.5,6,AV8,Z,7.7
LEXUS,GX 460,SUV - STANDARD,4.6,8,AS6,Z,15.7
LEXUS,IS 250,COMPACT,2.5,6,AS6,Z,11.2
LEXUS,IS 250 AWD,COMPACT,2.5,6,AS6,Z,11.8
LEXUS,IS 250 C,SUBCOMPACT,2.5,6,AS6,Z,11.2
LEXUS,IS 350,COMPACT,3.5,6,AS8,Z,12.2
LEXUS,IS 350 AWD,COMPACT,3.5,6,AS6,Z,12.5
LEXUS,IS 350 C,SUBCOMPACT,3.5,6,AS6,Z,12.1
LEXUS,IS F,SUBCOMPACT,5,8,AS8,Z,14.6
LEXUS,LS 460,MID-SIZE,4.6,8,AS8,Z,14.5
LEXUS,LS 460 AWD,MID-SIZE,4.6,8,AS8,Z,15.1
LEXUS,LS 460 L AWD,MID-SIZE,4.6,8,AS8,Z,15.1
LEXUS,LS 600h L,MID-SIZE,5,8,AV8,Z,12
LEXUS,LX 570,SUV - STANDARD,5.7,8,AS6,Z,18.8
LEXUS,RX 350 AWD,SUV - SMALL,3.5,6,AS6,X,13.3
LEXUS,RX 350 AWD,SUV - SMALL,3.5,6,AS8,X,12.7
LEXUS,RX 450h AWD,SUV - SMALL,3.5,6,AV6,Z,7.9
LINCOLN,MKS AWD,FULL-SIZE,3.5,6,AS6,X,13.7
LINCOLN,MKS AWD,FULL-SIZE,3.7,6,AS6,X,13.1
LINCOLN,MKT AWD,SUV - STANDARD,3.5,6,AS6,X,14.8
LINCOLN,MKT LIVERY,SPECIAL PURPOSE VEHICLE,2,4,AS6,X,11.5
LINCOLN,MKT LIVERY AWD,SPECIAL PURPOSE VEHICLE,3.7,6,A6,X,14
LINCOLN,MKX AWD,SUV - SMALL,3.7,6,AS6,X,13.7
LINCOLN,MKZ,MID-SIZE,2,4,AS6,X,10.5
LINCOLN,MKZ AWD,MID-SIZE,3.7,6,AS6,X,13.1
LINCOLN,MKZ HYBRID,MID-SIZE,2,4,AV,X,6.2
LINCOLN,NAVIGATOR 4X4 FFV,SUV - STANDARD,5.4,8,A6,X,18.2
LINCOLN,NAVIGATOR 4X4 FFV,SUV - STANDARD,5.4,8,A6,E,24.5
MASERATI,GHIBLI,MID-SIZE,3,6,AS8,Z,15.2
MASERATI,GHIBLI AWD,MID-SIZE,3,6,AS8,Z,15.2
MASERATI,GRANTURISMO,SUBCOMPACT,4.7,8,AS6,Z,18.2
MASERATI,GRANTURISMO CONVERTIBLE,SUBCOMPACT,4.7,8,AS6,Z,18.2
MASERATI,QUATTROPORTE GTS,FULL-SIZE,3.8,8,AS8,Z,17.6
MASERATI,QUATTROPORTE SQ4,FULL-SIZE,3,6,AS8,Z,15.9
MAZDA,CX-5,SUV - SMALL,2,4,AS6,X,8.9
MAZDA,CX-5,SUV - SMALL,2,4,M6,X,9
MAZDA,CX-5,SUV - SMALL,2.5,4,AS6,X,9.6
MAZDA,CX-5 4WD,SUV - SMALL,2,4,AS6,X,9.3
MAZDA,CX-5 4WD,SUV - SMALL,2.5,4,AS6,X,9.8
MAZDA,CX-9,SUV - SMALL,3.7,6,AS6,X,14.2
MAZDA,CX-9 4WD,SUV - SMALL,3.7,6,AS6,X,14.3
MAZDA,MAZDA2,COMPACT,1.5,4,A4,X,8.4
MAZDA,MAZDA2,COMPACT,1.5,4,M5,X,8
MAZDA,MAZDA3 4-DOOR,COMPACT,2,4,AS6,X,7.9
MAZDA,MAZDA3 4-DOOR,COMPACT,2,4,M6,X,8
MAZDA,MAZDA3 4-DOOR,COMPACT,2.5,4,AS6,X,8.4
MAZDA,MAZDA3 4-DOOR (i-ELOOP),COMPACT,2.5,4,AS6,X,8.3
MAZDA,MAZDA3 4-DOOR (SIL),COMPACT,2,4,M6,X,8
MAZDA,MAZDA3 5-DOOR,MID-SIZE,2,4,AS6,X,8
MAZDA,MAZDA3 5-DOOR,MID-SIZE,2,4,M6,X,8.2
MAZDA,MAZDA3 5-DOOR,MID-SIZE,2.5,4,AS6,X,8.7
MAZDA,MAZDA3 5-DOOR (i-ELOOP),MID-SIZE,2.5,4,AS6,X,8.2
MAZDA,MAZDA3 5-DOOR (SIL),MID-SIZE,2,4,M6,X,8.2
MAZDA,MAZDA5,MINIVAN,2.5,4,AS5,X,10.8
MAZDA,MAZDA5,MINIVAN,2.5,4,M6,X,11.1
MAZDA,MAZDA6,MID-SIZE,2.5,4,AS6,X,8.8
MAZDA,MAZDA6,MID-SIZE,2.5,4,M6,X,9.4
MAZDA,MAZDA6 (i-ELOOP),MID-SIZE,2.5,4,AS6,X,8.4
MAZDA,MX-5,TWO-SEATER,2,4,AS6,Z,11.5
MAZDA,MX-5,TWO-SEATER,2,4,M5,Z,10.5
MAZDA,MX-5,TWO-SEATER,2,4,M6,Z,11.1
MERCEDES-BENZ,B 250,STATION WAGON - SMALL,2,4,AS7,Z,9.2
MERCEDES-BENZ,C 250,COMPACT,1.8,4,AS7,Z,10.9
MERCEDES-BENZ,C 250 COUPE,SUBCOMPACT,1.8,4,AS7,Z,11
MERCEDES-BENZ,C 300 4MATIC FFV,COMPACT,3.5,6,AS7,Z,12.2
MERCEDES-BENZ,C 300 4MATIC FFV,COMPACT,3.5,6,AS7,E,16.4
MERCEDES-BENZ,C 350,COMPACT,3.5,6,AS7,Z,12
MERCEDES-BENZ,C 350 4MATIC,COMPACT,3.5,6,AS7,Z,11.9
MERCEDES-BENZ,C 350 4MATIC COUPE,SUBCOMPACT,3.5,6,AS7,Z,12.1
MERCEDES-BENZ,C 350 COUPE,SUBCOMPACT,3.5,6,AS7,Z,12.1
MERCEDES-BENZ,C 63 AMG,COMPACT,6.2,8,AS7,Z,17.7
MERCEDES-BENZ,C 63 AMG COUPE,SUBCOMPACT,6.2,8,AS7,Z,17.9
MERCEDES-BENZ,CL 550 4MATIC,COMPACT,4.7,8,AS7,Z,15.4
MERCEDES-BENZ,CL 63 AMG,COMPACT,5.5,8,AS7,Z,15.4
MERCEDES-BENZ,CLA 250,COMPACT,2,4,AS7,Z,9.1
MERCEDES-BENZ,CLA 45 AMG 4MATIC,COMPACT,2,4,AS7,Z,10.3
MERCEDES-BENZ,CLS 550 4MATIC,COMPACT,4.7,8,AS7,Z,13.3
MERCEDES-BENZ,CLS 63 AMG 4MATIC,COMPACT,5.5,8,AS7,Z,15.1
MERCEDES-BENZ,CLS 63 AMG S 4MATIC,COMPACT,5.5,8,AS7,Z,15.1
MERCEDES-BENZ,E 250 BLUETEC 4MATIC,MID-SIZE,2.1,4,AS7,D,8.5
MERCEDES-BENZ,E 300 4MATIC,MID-SIZE,3.5,6,AS7,Z,11.8
MERCEDES-BENZ,E 350 4MATIC,MID-SIZE,3.5,6,AS7,Z,11.6
MERCEDES-BENZ,E 350 4MATIC COUPE,SUBCOMPACT,3.5,6,AS7,Z,11.9
MERCEDES-BENZ,E 350 4MATIC WAGON,STATION WAGON - MID-SIZE,3.5,6,AS7,Z,12.1
MERCEDES-BENZ,E 350 CABRIOLET,SUBCOMPACT,3.5,6,AS7,Z,12
MERCEDES-BENZ,E 350 COUPE,SUBCOMPACT,3.5,6,AS7,Z,11.9
MERCEDES-BENZ,E 400 HYBRID,MID-SIZE,3.5,6,AS7,Z,9.6
MERCEDES-BENZ,E 550 4MATIC,MID-SIZE,4.7,8,AS7,Z,13.6
MERCEDES-BENZ,E 550 CABRIOLET,SUBCOMPACT,4.7,8,AS7,Z,13.7
MERCEDES-BENZ,E 550 COUPE,SUBCOMPACT,4.7,8,AS7,Z,13.4
MERCEDES-BENZ,E 63 AMG 4MATIC,MID-SIZE,5.5,8,AS7,Z,15
MERCEDES-BENZ,E 63 AMG 4MATIC WAGON,STATION WAGON - MID-SIZE,5.5,8,AS7,Z,15.5
MERCEDES-BENZ,E 63 AMG S 4MATIC,MID-SIZE,5.5,8,AS7,Z,15
MERCEDES-BENZ,E 63 AMG S 4MATIC WAGON,STATION WAGON - MID-SIZE,5.5,8,AS7,Z,15.5
MERCEDES-BENZ,G 550,SUV - STANDARD,5.5,8,AS7,Z,20
MERCEDES-BENZ,G 63 AMG,SUV - STANDARD,5.5,8,AS7,Z,19.4
MERCEDES-BENZ,GL 350 BLUETEC 4MATIC,SUV - STANDARD,3,6,AS7,D,13.4
MERCEDES-BENZ,GL 450 4MATIC,SUV - STANDARD,4.7,8,AS7,Z,17.1
MERCEDES-BENZ,GL 550 4MATIC,SUV - STANDARD,4.7,8,AS7,Z,17.6
MERCEDES-BENZ,GL 63 AMG,SUV - STANDARD,5.5,8,AS7,Z,17.7
MERCEDES-BENZ,GLK 250 BLUETEC 4MATIC,SUV - SMALL,2.1,4,AS7,D,9.6
MERCEDES-BENZ,GLK 350 4MATIC,SUV - SMALL,3.5,6,AS7,Z,12.6
MERCEDES-BENZ,ML 350 4MATIC FFV,SUV - STANDARD,3.5,6,AS7,Z,13.4
MERCEDES-BENZ,ML 350 4MATIC FFV,SUV - STANDARD,3.5,6,AS7,E,17.8
MERCEDES-BENZ,ML 350 BLUETEC 4MATIC,SUV - STANDARD,3,6,AS7,D,11.8
MERCEDES-BENZ,ML 550 4MATIC,SUV - STANDARD,4.7,8,AS7,Z,16.2
MERCEDES-BENZ,ML 63 AMG 4MATIC,SUV - STANDARD,5.5,8,AS7,Z,17.2
MERCEDES-BENZ,S 550 4MATIC LWB,FULL-SIZE,4.7,8,AS7,Z,14.3
MERCEDES-BENZ,S 550 4MATIC SWB,FULL-SIZE,4.7,8,AS7,Z,14.2
MERCEDES-BENZ,S 63 AMG 4MATIC,FULL-SIZE,5.5,8,AS7,Z,15.6
MERCEDES-BENZ,SL 550,TWO-SEATER,4.7,8,AS7,Z,13.4
MERCEDES-BENZ,SL 63 AMG,TWO-SEATER,5.5,8,AS7,Z,14.8
MERCEDES-BENZ,SL 65 AMG,TWO-SEATER,6,8,AS7,Z,16.7
MERCEDES-BENZ,SLK 250,TWO-SEATER,1.8,4,AS7,Z,10.3
MERCEDES-BENZ,SLK 250,TWO-SEATER,1.8,4,M6,Z,10.4
MERCEDES-BENZ,SLK 350,TWO-SEATER,3.5,6,AS7,Z,11.1
MERCEDES-BENZ,SLK 55 AMG,TWO-SEATER,5.5,8,AS7,Z,12.3
MERCEDES-BENZ,SLS AMG BLACK SERIES COUPE,TWO-SEATER,6.2,8,AS7,Z,18.7
MERCEDES-BENZ,SLS AMG GT COUPE,TWO-SEATER,6.2,8,AS7,Z,18.2
MERCEDES-BENZ,SLS AMG ROADSTER,TWO-SEATER,6.2,8,AS7,Z,18.2
MINI,COOPER CLUBMAN,SUBCOMPACT,1.6,4,A6,Z,8.7
MINI,COOPER CLUBMAN,SUBCOMPACT,1.6,4,M6,Z,8.6
MINI,COOPER CONVERTIBLE,MINICOMPACT,1.6,4,A6,Z,8.7
MINI,COOPER CONVERTIBLE,MINICOMPACT,1.6,4,M6,Z,8.6
MINI,COOPER COUNTRYMAN,COMPACT,1.6,4,A6,Z,9.4
MINI,COOPER COUNTRYMAN,COMPACT,1.6,4,M6,Z,8.6
MINI,COOPER COUPE,TWO-SEATER,1.6,4,A6,Z,8.5
MINI,COOPER COUPE,TWO-SEATER,1.6,4,M6,Z,8
MINI,COOPER PACEMAN,COMPACT,1.6,4,A6,Z,9.4
MINI,COOPER PACEMAN,COMPACT,1.6,4,M6,Z,8.6
MINI,COOPER ROADSTER,TWO-SEATER,1.6,4,A6,Z,8.7
MINI,COOPER ROADSTER,TWO-SEATER,1.6,4,M6,Z,8.6
MINI,COOPER S CLUBMAN,SUBCOMPACT,1.6,4,A6,Z,9.3
MINI,COOPER S CLUBMAN,SUBCOMPACT,1.6,4,M6,Z,9.1
MINI,COOPER S CONVERTIBLE,MINICOMPACT,1.6,4,A6,Z,9.3
MINI,COOPER S CONVERTIBLE,MINICOMPACT,1.6,4,M6,Z,9.1
MINI,COOPER S COUNTRYMAN ALL4,COMPACT,1.6,4,A6,Z,10
MINI,COOPER S COUNTRYMAN ALL4,COMPACT,1.6,4,M6,Z,9.3
MINI,COOPER S COUPE,TWO-SEATER,1.6,4,A6,Z,9.3
MINI,COOPER S COUPE,TWO-SEATER,1.6,4,M6,Z,9.1
MINI,COOPER S PACEMAN ALL4,COMPACT,1.6,4,A6,Z,10
MINI,COOPER S PACEMAN ALL4,COMPACT,1.6,4,M6,Z,9.3
MINI,COOPER S ROADSTER,TWO-SEATER,1.6,4,A6,Z,9.3
MINI,COOPER S ROADSTER,TWO-SEATER,1.6,4,M6,Z,9.1
MINI,JOHN COOPER WORKS CLUBMAN,SUBCOMPACT,1.6,4,A6,Z,9.3
MINI,JOHN COOPER WORKS CLUBMAN,SUBCOMPACT,1.6,4,M6,Z,9.1
MINI,JOHN COOPER WORKS CONVERTIBLE,MINICOMPACT,1.6,4,A6,Z,9.3
MINI,JOHN COOPER WORKS CONVERTIBLE,MINICOMPACT,1.6,4,M6,Z,9.1
MINI,JOHN COOPER WORKS COUNTRYMAN ALL4,COMPACT,1.6,4,A6,Z,10
MINI,JOHN COOPER WORKS COUNTRYMAN ALL4,COMPACT,1.6,4,M6,Z,9.3
MINI,JOHN COOPER WORKS COUPE,TWO-SEATER,1.6,4,A6,Z,9.3
MINI,JOHN COOPER WORKS COUPE,TWO-SEATER,1.6,4,M6,Z,9.1
MINI,JOHN COOPER WORKS PACEMAN ALL4,COMPACT,1.6,4,A6,Z,10
MINI,JOHN COOPER WORKS PACEMAN ALL4,COMPACT,1.6,4,M6,Z,9.3
MINI,JOHN COOPER WORKS ROADSTER,TWO-SEATER,1.6,4,A6,Z,9.3
MINI,JOHN COOPER WORKS ROADSTER,TWO-SEATER,1.6,4,M6,Z,9.1
MITSUBISHI,LANCER,COMPACT,2,4,AV6,X,9.2
MITSUBISHI,LANCER,COMPACT,2,4,M5,X,9.6
MITSUBISHI,LANCER AWD,COMPACT,2.4,4,AV6,X,10.5
MITSUBISHI,LANCER EVOLUTION,COMPACT,2,4,AM6,Z,14.2
MITSUBISHI,LANCER EVOLUTION,COMPACT,2,4,M5,Z,14
MITSUBISHI,LANCER RALLIART,COMPACT,2,4,AM6,Z,13.4
MITSUBISHI,LANCER SPORTBACK,STATION WAGON - SMALL,2,4,AV6,X,9.6
MITSUBISHI,LANCER SPORTBACK,STATION WAGON - SMALL,2,4,M5,X,9.8
MITSUBISHI,MIRAGE,COMPACT,1.2,3,AV,X,6.4
MITSUBISHI,MIRAGE,COMPACT,1.2,3,M5,X,7
MITSUBISHI,OUTLANDER,SUV - SMALL,2.4,4,AV6,X,9.5
MITSUBISHI,OUTLANDER 4WD,SUV - SMALL,2.4,4,AV6,X,9.9
MITSUBISHI,OUTLANDER 4WD,SUV - SMALL,3,6,AS6,Z,11.5
MITSUBISHI,RVR,SUV - SMALL,2,4,AV6,X,9.6
MITSUBISHI,RVR,SUV - SMALL,2,4,M5,X,9.9
MITSUBISHI,RVR 4WD,SUV - SMALL,2,4,AV6,X,9.8
NISSAN,370Z,TWO-SEATER,3.7,6,AS7,Z,12.6
NISSAN,370Z,TWO-SEATER,3.7,6,M6,Z,13.3
NISSAN,370Z ROADSTER,TWO-SEATER,3.7,6,AS7,Z,13
NISSAN,370Z ROADSTER,TWO-SEATER,3.7,6,M6,Z,13.5
NISSAN,ALTIMA,MID-SIZE,2.5,4,AV,X,8.7
NISSAN,ALTIMA,MID-SIZE,3.5,6,AV,X,10.8
NISSAN,ARMADA 4WD,SUV - STANDARD,5.6,8,A5,X,19.1
NISSAN,FRONTIER,PICKUP TRUCK - SMALL,2.5,4,A5,X,13.7
NISSAN,FRONTIER,PICKUP TRUCK - SMALL,2.5,4,M5,X,12.2
NISSAN,FRONTIER,PICKUP TRUCK - SMALL,4,6,A5,X,14.7
NISSAN,FRONTIER 4WD,PICKUP TRUCK - SMALL,4,6,A5,X,15.7
NISSAN,FRONTIER 4WD,PICKUP TRUCK - SMALL,4,6,M6,X,14.8
NISSAN,GT-R,SUBCOMPACT,3.8,6,AM6,Z,14.5
NISSAN,JUKE,STATION WAGON - SMALL,1.6,4,AV,Z,8.7
NISSAN,JUKE,STATION WAGON - SMALL,1.6,4,M6,Z,9.5
NISSAN,JUKE AWD,STATION WAGON - SMALL,1.6,4,AV,Z,9.3
NISSAN,MAXIMA,MID-SIZE,3.5,6,AV,Z,12.3
NISSAN,MURANO AWD,SUV - SMALL,3.5,6,AV,X,13.2
NISSAN,NV200 CARGO VAN,SPECIAL PURPOSE VEHICLE,2,4,AV,X,10
NISSAN,PATHFINDER,SUV - SMALL,3.5,6,AV,X,12
NISSAN,PATHFINDER 4WD,SUV - SMALL,3.5,6,AV,X,12.3
NISSAN,PATHFINDER HYBRID 4WD,SUV - STANDARD,2.5,4,AV,X,9.1
NISSAN,QUEST,MINIVAN,3.5,6,AV,X,12.5
NISSAN,ROGUE,SUV - SMALL,2.5,4,AV,X,9.2
NISSAN,ROGUE AWD,SUV - SMALL,2.5,4,AV,X,9.5
NISSAN,SENTRA,MID-SIZE,1.8,4,AV,X,7.8
NISSAN,SENTRA,MID-SIZE,1.8,4,M6,X,8.7
NISSAN,TITAN,PICKUP TRUCK - STANDARD,5.6,8,A5,X,17.9
NISSAN,TITAN 4WD,PICKUP TRUCK - STANDARD,5.6,8,A5,X,19.7
NISSAN,VERSA,COMPACT,1.6,4,AV,X,7.2
NISSAN,VERSA,COMPACT,1.6,4,M5,X,8.6
NISSAN,XTERRA 4WD,SUV - SMALL,4,6,A5,X,16.1
NISSAN,XTERRA 4WD,SUV - SMALL,4,6,M6,X,15.2
PORSCHE,911 CARRERA,MINICOMPACT,3.4,6,AM7,Z,11.6
PORSCHE,911 CARRERA,MINICOMPACT,3.4,6,M7,Z,12.5
PORSCHE,911 CARRERA 4,MINICOMPACT,3.4,6,AM7,Z,11.8
PORSCHE,911 CARRERA 4,MINICOMPACT,3.4,6,M7,Z,12.4
PORSCHE,911 CARRERA 4 CABRIOLET,MINICOMPACT,3.4,6,AM7,Z,12
PORSCHE,911 CARRERA 4 CABRIOLET,MINICOMPACT,3.4,6,M7,Z,12.6
PORSCHE,911 CARRERA 4S,MINICOMPACT,3.8,6,AM7,Z,12.3
PORSCHE,911 CARRERA 4S,MINICOMPACT,3.8,6,M7,Z,12.8
PORSCHE,911 CARRERA 4S CABRIOLET,MINICOMPACT,3.8,6,AM7,Z,12.7
PORSCHE,911 CARRERA 4S CABRIOLET,MINICOMPACT,3.8,6,M7,Z,12.9
PORSCHE,911 CARRERA CABRIOLET,MINICOMPACT,3.4,6,AM7,Z,11.6
PORSCHE,911 CARRERA CABRIOLET,MINICOMPACT,3.4,6,M7,Z,12.4
PORSCHE,911 CARRERA S,MINICOMPACT,3.8,6,AM7,Z,12.1
PORSCHE,911 CARRERA S,MINICOMPACT,3.8,6,M7,Z,12.6
PORSCHE,911 CARRERA S CABRIOLET,MINICOMPACT,3.8,6,AM7,Z,12.4
PORSCHE,911 CARRERA S CABRIOLET,MINICOMPACT,3.8,6,M7,Z,12.6
PORSCHE,911 GT3,TWO-SEATER,3.8,6,AM7,Z,16
PORSCHE,911 TURBO,MINICOMPACT,3.8,6,AM7,Z,13.7
PORSCHE,911 TURBO CABRIOLET,MINICOMPACT,3.8,6,AM7,Z,13.7
PORSCHE,911 TURBO S,MINICOMPACT,3.8,6,AM7,Z,13.7
PORSCHE,911 TURBO S CABRIOLET,MINICOMPACT,3.8,6,AM7,Z,13.7
PORSCHE,BOXSTER,TWO-SEATER,2.7,6,AM7,Z,10.7
PORSCHE,BOXSTER,TWO-SEATER,2.7,6,M6,Z,11.5
PORSCHE,BOXSTER S,TWO-SEATER,3.4,6,AM7,Z,11.3
PORSCHE,BOXSTER S,TWO-SEATER,3.4,6,M6,Z,11.9
PORSCHE,CAYENNE,SUV - STANDARD,3.6,6,A8,Z,14.1
PORSCHE,CAYENNE,SUV - STANDARD,3.6,6,M6,Z,15.8
PORSCHE,CAYENNE DIESEL (modified),SUV - STANDARD,3,6,A8,D,11.8
PORSCHE,CAYENNE GTS,SUV - STANDARD,4.8,8,A8,Z,16.7
PORSCHE,CAYENNE S,SUV - STANDARD,4.8,8,A8,Z,15.5
PORSCHE,CAYENNE S HYBRID,SUV - STANDARD,3,6,A8,Z,11.8
PORSCHE,CAYENNE TURBO,SUV - STANDARD,4.8,8,A8,Z,16.3
PORSCHE,CAYENNE TURBO S,SUV - STANDARD,4.8,8,A8,Z,18
PORSCHE,CAYMAN,TWO-SEATER,2.7,6,AM7,Z,10.7
PORSCHE,CAYMAN,TWO-SEATER,2.7,6,M6,Z,11.5
PORSCHE,CAYMAN S,TWO-SEATER,3.4,6,AM7,Z,11.3
PORSCHE,CAYMAN S,TWO-SEATER,3.4,6,M6,Z,11.9
PORSCHE,PANAMERA,FULL-SIZE,3.6,6,AM7,Z,12.9
PORSCHE,PANAMERA 4,FULL-SIZE,3.6,6,AM7,Z,13.1
PORSCHE,PANAMERA 4S,FULL-SIZE,3,6,AM7,Z,13.4
PORSCHE,PANAMERA 4S EXECUTIVE,FULL-SIZE,3,6,AM7,Z,13.7
PORSCHE,PANAMERA GTS,FULL-SIZE,4.8,8,AM7,Z,15.1
PORSCHE,PANAMERA S,FULL-SIZE,3,6,AM7,Z,13.4
PORSCHE,PANAMERA TURBO,FULL-SIZE,4.8,8,AM7,Z,15.3
PORSCHE,PANAMERA TURBO EXECUTIVE,FULL-SIZE,4.8,8,AM7,Z,15.4
RAM,1500 (MDS),PICKUP TRUCK - STANDARD,5.7,8,A6,X,17.1
RAM,1500 (MDS),PICKUP TRUCK - STANDARD,5.7,8,A8,X,15.8
RAM,1500 4X4 (MDS),PICKUP TRUCK - STANDARD,5.7,8,A6,X,17.6
RAM,1500 4X4 (MDS),PICKUP TRUCK - STANDARD,5.7,8,A8,X,16.3
RAM,1500 4X4 DIESEL,PICKUP TRUCK - STANDARD,3,6,A8,D,12.1
RAM,1500 4X4 FFV,PICKUP TRUCK - STANDARD,3.6,6,A8,X,14.6
RAM,1500 4X4 FFV,PICKUP TRUCK - STANDARD,3.6,6,A8,E,20.5
RAM,1500 DIESEL,PICKUP TRUCK - STANDARD,3,6,A8,D,11.6
RAM,1500 FFV,PICKUP TRUCK - STANDARD,3.6,6,A8,X,13.9
RAM,1500 FFV,PICKUP TRUCK - STANDARD,3.6,6,A8,E,19.4
RAM,1500 HFE,PICKUP TRUCK - STANDARD,3.6,6,A8,X,12.9
RAM,CARGO VAN FFV,MINIVAN,3.6,6,A6,X,13.3
RAM,CARGO VAN FFV,MINIVAN,3.6,6,A6,E,18.6
ROLLS-ROYCE,GHOST,FULL-SIZE,6.6,12,A8,Z,19.1
ROLLS-ROYCE,GHOST EWB,FULL-SIZE,6.6,12,A8,Z,19.1
ROLLS-ROYCE,PHANTOM,FULL-SIZE,6.7,12,A8,Z,20.7
ROLLS-ROYCE,PHANTOM COUPE,COMPACT,6.7,12,A8,Z,20.7
ROLLS-ROYCE,PHANTOM DROPHEAD COUPE,COMPACT,6.7,12,A8,Z,20.7
ROLLS-ROYCE,PHANTOM EWB,FULL-SIZE,6.7,12,A8,Z,20.7
ROLLS-ROYCE,WRAITH,MID-SIZE,6.6,12,A8,Z,18.7
SCION,FR-S,MINICOMPACT,2,4,AS6,Z,9.6
SCION,FR-S,MINICOMPACT,2,4,M6,Z,10.9
SCION,iQ,MINICOMPACT,1.3,4,AV,X,6.6
SCION,tC,COMPACT,2.5,4,AS6,X,10.2
SCION,tC,COMPACT,2.5,4,M6,X,10.2